{
  "completed_symbols": [],
  "total_symbols": 3,
  "progress_percent": 0.0,
  "elapsed_seconds": 1.618819236755371,
  "timestamp": 1764155998.7207942
}