{
  "completed_symbols": [],
  "total_symbols": 3,
  "progress_percent": 0.0,
  "elapsed_seconds": 0.0024411678314208984,
  "timestamp": 1762184735.696744
}