{
  "completed_symbols": [],
  "total_symbols": 101,
  "progress_percent": 0.0,
  "elapsed_seconds": 1.1789870262145996,
  "timestamp": 1762206034.785918
}