{
  "completed_symbols": [],
  "total_symbols": 3,
  "progress_percent": 0.0,
  "elapsed_seconds": 0.04542732238769531,
  "timestamp": 1762206048.845199
}