{
  "completed_symbols": [],
  "total_symbols": 3,
  "progress_percent": 0.0,
  "elapsed_seconds": 0.007760047912597656,
  "timestamp": 1762184806.980402
}