{
  "completed_symbols": [],
  "total_symbols": 101,
  "progress_percent": 0.0,
  "elapsed_seconds": 0.016659021377563477,
  "timestamp": 1762208128.556927
}