{
  "completed_symbols": [],
  "total_symbols": 3,
  "progress_percent": 0.0,
  "elapsed_seconds": 0.0006830692291259766,
  "timestamp": 1762182324.5863621
}