{
  "completed_symbols": [],
  "total_symbols": 3,
  "progress_percent": 0.0,
  "elapsed_seconds": 0.052937984466552734,
  "timestamp": 1762205815.394075
}