{
  "completed_symbols": [],
  "total_symbols": 101,
  "progress_percent": 0.0,
  "elapsed_seconds": 1.455970048904419,
  "timestamp": 1762205807.90181
}