{
  "completed_symbols": [],
  "total_symbols": 101,
  "progress_percent": 0.0,
  "elapsed_seconds": 1.192028284072876,
  "timestamp": 1762205952.363799
}